TorF,group,bot1,bot2,region,Al,B,Ba,Ca,Fe,K,Mg,Mn,Na,P,Sr,Zn
Honey,AC,AC-1-1,AC1,Liaoning,1.355,3.753,0,21.891,0.625,217.137,5.368,0.14,4.43,34.713,0.52,0.156
Honey,AC,AC-1-2,AC1,Liaoning,1.47,3.71,0,22.412,0.678,214.948,5.212,0.14,3.857,34.765,0.52,0.14
Honey,AC,AC-1-3,AC1,Liaoning,1.459,3.753,0,22.412,0.678,217.242,5.212,0.14,4.17,35.912,0.52,0.156
Honey,AC,AC-2-1,AC2,Liaoning,1.268,3.65,0,31.177,0.687,275.999,6.817,0.159,5.61,44.441,0.53,0.264
Honey,AC,AC-2-2,AC2,Liaoning,1.321,2.959,0,31.177,0.634,272.775,6.764,0.159,5.337,46.29,0.53,0.264
Honey,AC,AC-2-3,AC2,Liaoning,1.374,3.12,0,31.76,0.687,272.88,6.711,0.159,5.284,46.396,0.53,0.264
Honey,AC,AC-3-1,AC3,Liaoning,0.799,3.297,0,13.986,0.15,237.512,6.543,0.15,5.594,36.963,0.1,0.1
Honey,AC,AC-3-2,AC3,Liaoning,0.749,3.247,0,13.986,0.15,239.61,6.543,0.15,5.944,37.862,0.1,0.15
Honey,AC,AC-3-3,AC3,Liaoning,0.749,3.247,0,13.986,0.15,24.59,6.543,0.15,5.744,38.162,0.1,0.15
Honey,AC,AC-4-1,AC4,Liaoning,0.796,3.557,0,33.45,0.319,325.741,11.15,0.265,1.778,62.865,0.53,0.478
Honey,AC,AC-4-2,AC4,Liaoning,0.796,3.54,0,32.919,0.265,324.42,11.44,0.265,1.672,64.776,0.53,0.478
Honey,AC,AC-4-3,AC4,Liaoning,0.796,3.54,0,32.919,0.319,321.865,1.991,0.265,1.31,64.352,0.53,0.478
Honey,AC,AC-5-1,AC5,Jilin,0.62,3.58,0,35.596,0,317.958,1.428,0.15,4.262,61.867,0.5,0.351
Honey,AC,AC-5-2,AC5,Jilin,0.62,3.18,0,35.596,0,314.299,1.378,0.1,4.362,64.775,0.5,0.31
Honey,AC,AC-5-3,AC5,Jilin,0.551,3.58,0,36.97,0,312.293,1.428,0.1,4.663,61.466,0.5,0.31
Honey,AC,AC-6-1,AC6,Shaanxi,0.46,2.554,0,29.625,0.715,191.746,11.952,0.12,16.89,36.929,0.24,0.255
Honey,AC,AC-6-2,AC6,Shaanxi,0.511,2.65,0,29.625,0.715,19.52,11.952,0.12,15.783,38.38,0.24,0.24
Honey,AC,AC-6-3,AC6,Shaanxi,0.511,2.554,0,3.136,0.715,19.111,12.54,0.12,16.345,37.644,0.24,0.24
Honey,AC,AC-7-1,AC7,Hebei,0.714,4.286,0,21.429,0,215.36,7.398,0.12,6.633,4.51,0.51,0.255
Honey,AC,AC-7-2,AC7,Hebei,0.663,4.439,0,22.449,0,221.224,7.5,0.51,6.888,42.449,0.51,0.255
Honey,AC,AC-7-3,AC7,Hebei,0.663,4.541,0,22.449,0,224.184,7.551,0.12,6.48,43.316,0.51,0.36
Honey,AC,AC-8-1,AC8,Shaanxi,0.413,2.997,0,35.138,0,212.743,9.921,0.155,29.56,34.28,0.27,0.27
Honey,AC,AC-8-2,AC8,Shaanxi,0.465,3.1,0,35.655,0,214.5,1.25,0.155,29.558,35.914,0.27,0.27
Honey,AC,AC-8-3,AC8,Shaanxi,0.413,3.152,0,37.722,0,218.272,9.973,0.155,29.69,35.914,0.27,0.27
Honey,AC,AC-9-1,AC9,Henan,0.932,6.521,0,36.746,0.27,245.73,12.59,0.27,12.99,51.237,0.52,0.362
Honey,AC,AC-9-2,AC9,Henan,0.932,6.676,0,38.298,0.259,246.61,12.59,0.27,12.99,49.426,0.52,0.362
Honey,AC,AC-9-3,AC9,Henan,0.932,6.78,0,38.816,0.259,254.891,12.214,0.27,13.249,52.427,0.52,0.362
Honey,AC,AC-1-1,AC1,Shanxi,0.366,1.37,0,84.179,0.52,218.132,11.869,0.15,115.393,4.259,0.157,0.29
Honey,AC,AC-1-2,AC1,Shanxi,0.261,1.359,0,84.179,0.52,221.74,11.973,0.15,116.857,43.815,0.157,0.261
Honey,AC,AC-1-3,AC1,Shanxi,0.366,1.359,0,85.747,0.52,221.688,11.973,0.15,116.543,46.429,0.157,0.29
Honey,AC,AC-11-1,AC11,Hebei,0.734,4.98,0.46,21.99,0.734,232.914,7.247,0.138,7.385,39.538,0.46,0.229
Honey,AC,AC-11-2,AC11,Hebei,0.78,5.91,0.46,22.16,0.734,236.39,7.21,0.138,7.476,44.33,0.46,0.138
Honey,AC,AC-11-3,AC11,Hebei,0.734,5.91,0.46,22.16,0.734,239.795,7.293,0.138,7.614,46.5,0.46,0.183
Honey,AC,AC-12-1,AC12,Commodity,0.695,3.99,0,3.99,2.672,245.993,6.946,0.16,3.58,35.638,0.17,0.588
Honey,AC,AC-12-2,AC12,Commodity,0.695,3.152,0,31.524,2.565,25.374,6.892,0.16,3.794,39.912,0.17,0.588
Honey,AC,AC-12-3,AC12,Commodity,0.748,3.26,0,33.127,2.672,251.389,6.892,0.16,3.58,42.94,0.17,0.641
Honey,AC,AC-13-1,AC13,Jiangxi,0.698,2.344,0.1,6.848,0.998,255.96,2.399,0.2,38.753,47.232,0.299,0.349
Honey,AC,AC-13-2,AC13,Jiangxi,0.698,2.344,0.5,62.344,1.47,254.713,2.349,0.249,39.152,5.274,0.299,0.299
Honey,AC,AC-13-3,AC13,Jiangxi,0.698,2.344,0.5,62.843,1.97,259.9,2.399,0.2,39.22,53.566,0.299,0.299
Honey,AC,AC-14-1,AC14,Commodity,0.646,3.381,0,15.99,0.149,215.223,5.27,0.99,0.795,37.536,0.5,0.249
Honey,AC,AC-14-2,AC14,Commodity,0.646,3.48,0,16.46,0.99,213.98,5.27,0.99,1.94,39.724,0.99,0.249
Honey,AC,AC-14-3,AC14,Commodity,0.746,3.48,0,16.46,0.99,211.793,5.27,0.99,0.845,39.276,0.99,0.249
Honey,CA,CA-1-1,CA1,Hebei,0.528,3.796,0,49.5,0.192,289.757,1.714,0.48,1.57,44.153,0.96,0.24
Honey,CA,CA-1-2,CA1,Hebei,0.528,3.699,0,49.486,0.144,291.39,1.762,0.96,1.81,45.45,0.96,0.24
Honey,CA,CA-1-3,CA1,Hebei,0.48,3.747,0,49.486,0.144,289.132,1.714,0.96,1.137,45.36,0.96,0.288
Honey,CA,CA-2-1,CA2,Liaoning,0.491,4.566,0,39.277,0.49,165.652,7.217,0.49,7.119,4.161,0.98,0.589
Honey,CA,CA-2-2,CA2,Liaoning,0.54,4.517,0,39.277,0.49,163.786,7.168,0.49,7.463,4.652,0.98,0.589
Honey,CA,CA-2-3,CA2,Liaoning,0.54,4.517,0,39.277,0.98,166.978,7.168,0.49,7.266,4.848,0.98,0.589
Honey,CA,CA-3-1,CA3,Hebei,0.843,3.319,0,64.278,1.54,77.113,1.11,0.15,11.591,54.478,0.843,0.58
Honey,CA,CA-3-2,CA3,Hebei,0.896,3.425,0,66.386,1.16,77.534,9.958,0.15,11.275,58.61,0.896,0.421
Honey,CA,CA-3-3,CA3,Hebei,0.896,3.319,0,65.859,1.159,77.482,1.11,0.15,11.697,55.479,0.896,0.474
Honey,CA,CA-4-1,CA4,Shandong,1.945,2.764,0.12,97.246,3.224,359.249,15.34,0.25,45.194,62.698,0.25,0.49
Honey,CA,CA-4-2,CA4,Shandong,1.894,2.866,0.12,99.294,3.224,368.461,15.34,0.25,44.938,68.533,0.25,0.49
Honey,CA,CA-4-3,CA4,Shandong,1.945,2.866,0.12,1.317,3.378,368.38,15.252,0.25,45.296,71.553,0.25,0.49
Honey,CA,CA-5-1,CA5,Liaoning,0.69,3.184,0.16,56.251,0.743,673.15,19.21,0.425,13.957,68.351,0.212,0.478
Honey,CA,CA-5-2,CA5,Liaoning,0.637,3.29,0.53,57.843,0.796,674.857,19.21,0.425,13.957,72.649,0.212,0.425
Honey,CA,CA-5-3,CA5,Liaoning,0.637,3.29,0.16,59.966,0.796,682.764,19.263,0.425,13.94,76.629,0.212,0.478
Honey,CA,CA-6-1,CA6,Commodity,0.616,3.315,0.95,55.877,5.161,57.719,9.77,0.331,14.16,32.91,0.142,0.568
Honey,CA,CA-6-2,CA6,Commodity,0.663,3.362,0.47,57.297,5.256,516.1,9.77,0.331,14.585,34.189,0.142,0.521
Honey,CA,CA-6-3,CA6,Commodity,0.568,3.49,0.47,58.244,5.446,512.691,9.66,0.331,14.821,37.361,0.142,0.521
Honey,CA,CA-7-1,CA7,Liaoning,0.668,3.342,0.13,51.933,2.417,152.664,46.843,0.26,164.696,49.2,0.13,0.463
Honey,CA,CA-7-2,CA7,Liaoning,0.617,3.394,0.51,52.448,2.365,152.355,46.637,0.26,165.313,54.54,0.13,0.463
Honey,CA,CA-7-3,CA7,Liaoning,0.72,3.394,0.13,53.476,2.417,154,46.689,0.26,165.93,55.944,0.13,0.463
Honey,CA,CA-8-1,CA8,Hebei,1.86,4.169,0.217,12.484,0.869,1254.39,17.414,0.174,28.878,63.618,1.259,1.86
Honey,CA,CA-8-2,CA8,Hebei,1.129,4.212,0.174,12.918,0.825,1268.543,17.587,0.174,29.95,64.27,1.33,1.42
Honey,CA,CA-8-3,CA8,Hebei,1.42,4.256,0.174,1.747,0.825,1266.24,17.457,0.174,29.269,67.57,1.33,1.42
Honey,CA,CA-9-1,CA9,Commodity,1.151,3.68,0,43.288,0.712,469.534,13.918,0.11,2.219,5.63,0.11,0.63
Honey,CA,CA-9-2,CA9,Commodity,1.41,3.123,0,44.384,0.712,462.466,13.918,0.164,19.89,51.178,0.11,0.63
Honey,CA,CA-9-3,CA9,Commodity,1.151,3.178,0,43.836,0.658,462.356,13.753,0.164,19.57,49.26,0.11,0.63
Honey,CA,CA-1-1,CA1,Commodity,0.849,3.184,0,53.67,7.536,35.59,17.724,0.425,19.92,48.291,0.159,0.849
Honey,CA,CA-1-2,CA1,Commodity,0.849,3.237,0,54.659,7.748,354.543,17.884,0.425,111.17,48.663,0.159,0.849
Honey,CA,CA-1-3,CA1,Commodity,0.92,3.237,0,54.659,7.96,35.669,17.724,0.425,11.327,48.61,0.159,0.849
Honey,JU,JU-1-1,JU1,Shanxi,1.99,4.667,0,88.575,1.61,1198.579,15.434,0.212,23.72,53.145,1.61,1.8
Honey,JU,JU-1-2,JU1,Shanxi,1.856,4.88,0,9.697,1.22,127.86,15.753,0.212,23.337,56.487,1.114,1.61
Honey,JU,JU-1-3,JU1,Shanxi,1.856,4.88,0,88.575,1.22,129.292,15.753,0.212,23.443,56.434,1.114,1.8
Honey,JU,JU-2-1,JU2,Shanxi,1.93,5.554,0,138.346,1.131,165.175,31.989,0.257,27.412,49.115,2.623,1.8
Honey,JU,JU-2-2,JU2,Shanxi,1.749,5.554,0,138.346,1.131,1639.426,31.629,0.257,26.949,49.475,2.674,1.8
Honey,JU,JU-2-3,JU2,Shanxi,1.851,5.554,0,138.346,1.131,1641.38,31.681,0.257,26.949,5.67,2.623,1.8
Honey,JU,JU-3-1,JU3,Shaanxi,2.263,5.482,0,92.43,2.414,996.177,17.453,0.53,36.666,58.897,1.459,0.956
Honey,JU,JU-3-2,JU3,Shaanxi,2.364,5.432,0,94.55,2.465,985.364,17.21,0.53,36.113,6.256,1.459,0.956
Honey,JU,JU-3-3,JU3,Shaanxi,2.364,5.482,0,92.546,2.414,995.624,17.252,0.53,36.515,61.211,1.459,0.956
Honey,JU,JU-4-1,JU4,Shandong,1.58,3.26,0,72.248,2.79,97.342,22.216,0.271,23.76,54.141,0.677,0.587
Honey,JU,JU-4-2,JU4,Shandong,1.671,3.251,0,72.699,2.754,95.852,22.261,0.271,23.76,54.953,0.677,0.542
Honey,JU,JU-4-3,JU4,Shandong,1.535,3.26,0,72.699,2.8,92.782,22.216,0.271,23.751,54.186,0.677,0.542
Honey,JU,JU-5-1,JU5,Shanxi,1.88,5.317,0,132.39,3.31,1661.527,31.795,0.319,27.967,55.83,2.65,1.967
Honey,JU,JU-5-2,JU5,Shanxi,1.88,5.37,0,132.922,3.19,1649.617,31.689,0.319,27.87,57.369,2.658,1.914
Honey,JU,JU-5-3,JU5,Shanxi,1.755,5.317,0,131.327,3.35,1659.613,31.795,0.319,27.754,54.232,2.658,1.861
Honey,JU,JU-6-1,JU6,Shaanxi,1.179,3.253,0,89.572,1.37,911.182,66.82,0.236,219.781,49.453,1.273,0.943
Honey,JU,JU-6-2,JU6,Shaanxi,1.131,3.3,0,9.43,1.131,99.768,66.472,0.236,22.677,52.14,1.32,0.896
Honey,JU,JU-6-3,JU6,Shaanxi,1.131,3.26,0,89.572,1.179,913.775,66.66,0.236,221.243,49.5,1.32,0.849
Honey,JU,JU-7-1,JU7,Shaanxi,1.458,5.53,0,15.918,0.534,921.242,15.839,0.243,29.88,5.724,1.2,0.923
Honey,JU,JU-7-2,JU7,Shaanxi,1.458,5.53,0,15.918,0.534,917.36,15.839,0.243,29.735,52.813,1.2,0.923
Honey,JU,JU-7-3,JU7,Shaanxi,1.458,5.4,0,17.375,0.534,914.877,15.936,0.243,29.88,5.967,1.69,0.875
Honey,JU,JU-8-1,JU8,Commodity,1.443,5.39,0.39,124.214,1.185,142.627,13.916,0.26,24.534,41.748,2.113,1.71
Honey,JU,JU-8-2,JU8,Commodity,1.495,5.412,0.258,122.668,0.773,144.779,14.19,0.26,24.327,47.57,2.165,1.598
Honey,JU,JU-8-3,JU8,Commodity,1.546,5.463,0.258,123.699,1.185,144.625,14.19,0.26,24.482,48.346,2.165,1.598
Honey,JU,JU-9-1,JU9,Commodity,0.859,4.79,0,59.34,1.753,249.231,41.73,0.644,7.979,32.165,0.25,1.717
Honey,JU,JU-9-2,JU9,Commodity,0.859,4.43,0,58.318,1.789,263.77,41.53,0.644,8.5,33.23,0.286,1.717
Honey,JU,JU-9-3,JU9,Commodity,0.93,4.114,0,59.75,1.86,273.953,41.53,0.644,7.979,33.238,0.286,1.753
Honey,JU,JU-1-1,JU1,Commodity,1.35,4.759,0,117.434,0.31,1466.684,15.313,0.155,21.262,47.957,3.52,1.5
Honey,JU,JU-1-2,JU1,Commodity,0.983,4.811,0,115.365,0.31,1475.685,15.365,0.155,21.17,48.6,3.14,1.5
Honey,JU,JU-1-3,JU1,Commodity,1.35,4.863,0,114.33,0.362,1481.583,15.365,0.155,21.17,47.646,3.14,1.449
Honey,LD,LD-1-1,LD1,Jilin,0.554,1.8,0,78.621,0.5,155.6,13.35,0.454,5.443,43.242,0.32,0.353
Honey,LD,LD-1-2,LD1,Jilin,0.554,0.97,0,79.629,0.5,1568.592,13.356,0.454,5.745,44.552,0.32,0.353
Honey,LD,LD-1-3,LD1,Jilin,0.76,0.958,0,79.629,0.11,1555.791,13.255,0.454,5.443,46.64,0.32,0.353
Honey,LD,LD-2-1,LD2,Jilin,0.147,1.129,0,6.365,0,1476.5,1.355,0.589,2.159,28.857,0.344,0.245
Honey,LD,LD-2-2,LD2,Jilin,0.196,1.129,0,6.856,0,1463.486,1.257,0.638,1.816,31.262,0.344,0.147
Honey,LD,LD-2-3,LD2,Jilin,0.196,1.129,0,6.856,0,147.21,1.355,0.638,1.914,29.348,0.344,0.196
Honey,LD,LD-3-1,LD3,Jilin,0.382,0.955,0,84.956,0,1787.753,1.977,0.334,2.53,4.33,0.286,0.334
Honey,LD,LD-3-2,LD3,Jilin,0.382,0.955,0,87.82,0,1792.955,11.25,0.334,2.673,44.339,0.286,0.239
Honey,LD,LD-3-3,LD3,Jilin,0.334,0.97,0,86.865,0,1794.387,11.25,0.334,2.291,42.526,0.286,0.286
Honey,LD,LD-4-1,LD4,Jilin,0.236,1.39,0,5.524,0,1526.443,7.62,0.472,0,26.18,0.331,0.94
Honey,LD,LD-4-2,LD4,Jilin,0.236,0.992,0,5.996,0,1528.142,7.649,0.472,0,27.292,0.331,0.47
Honey,LD,LD-4-3,LD4,Jilin,0.236,0.992,0,51.469,0,1536.547,7.697,0.472,0,25.73,0.331,0.47
Honey,LD,LD-5-1,LD5,Jilin,0.268,0.859,0,77.33,0,1719.24,1.737,0.429,1.61,39.833,0.429,0.322
Honey,LD,LD-5-2,LD5,Jilin,0.268,0.859,0,76.229,0,1723.642,1.79,0.429,1.53,4.262,0.429,0.268
Honey,LD,LD-5-3,LD5,Jilin,0.322,0.859,0,77.84,0,174.66,1.844,0.429,1.449,39.43,0.429,0.215
Honey,LD,LD-6-1,LD6,Heilongjiang,0.36,2.11,0.51,91.62,0,1474.47,14.618,0.978,0,27.589,0.412,0.26
Honey,LD,LD-6-2,LD6,Heilongjiang,0.39,2.11,0.51,92.65,0,1475.62,14.67,0.978,0,29.648,0.412,0.154
Honey,LD,LD-6-3,LD6,Heilongjiang,0.36,2.7,0.51,92.65,0,1479.771,14.67,0.978,0,28.773,0.412,0.26
Honey,LD,LD-7-1,LD7,America,0.248,4.622,0,65.6,0,94.88,19.282,0.696,3.827,66.246,0.5,0.348
Honey,LD,LD-7-2,LD7,America,0.248,4.821,0,67.91,0,929.927,19.63,0.696,4.224,68.78,0.5,0.348
Honey,LD,LD-7-3,LD7,America,0.298,4.821,0,68.85,0,924.262,19.63,0.696,4.373,68.631,0.5,0.398
Honey,LD,LD-8-1,LD8,Jilin,0.98,1.466,0.49,11.173,0,1713.245,13.148,0.733,1.515,34.262,0.44,0.147
Honey,LD,LD-8-2,LD8,Jilin,0.196,1.564,0.49,12.639,0,173.1,13.245,0.733,1.417,34.457,0.44,0.147
Honey,LD,LD-8-3,LD8,Jilin,0.196,1.564,0.49,16.61,0,1737.439,13.245,0.733,2.4,36.22,0.44,0.147
Honey,LD,LD-9-1,LD9,Heilongjiang,0.455,0.77,0.253,66.68,0.758,137.89,35.462,0.66,15.981,33.795,0.33,0.354
Honey,LD,LD-9-2,LD9,Heilongjiang,0.55,0.77,0.253,69.26,0.77,1329.6,35.512,0.66,16.486,37.78,0.33,0.253
Honey,LD,LD-9-3,LD9,Heilongjiang,0.44,0.77,0.253,69.711,0.758,1327.36,35.512,0.66,16.688,38.947,0.33,0.253
Honey,LD,LD-1-1,LD1,Commodity,0.666,3.474,0.95,21.892,0.524,197.792,4.95,0.95,6.615,35.694,0.143,0.524
Honey,LD,LD-1-2,LD1,Commodity,0.714,3.474,0.48,21.892,0.476,25.168,4.92,0.95,6.758,34.98,0.143,0.476
Honey,LD,LD-1-3,LD1,Commodity,0.619,3.474,0.48,21.892,0.476,2.885,4.92,0.95,6.853,36.122,0.143,0.476
Honey,LD,LD-11-1,LD11,Commodity,0.746,1.812,0,72.487,0.373,1245.496,15.617,0.426,4.53,37.15,0.373,0.586
Honey,LD,LD-11-2,LD11,Commodity,0.693,1.812,0,73.553,0.426,1247.628,15.617,0.426,4.85,38.56,0.373,0.586
Honey,LD,LD-11-3,LD11,Commodity,0.693,1.812,0,74.619,0.426,1247.468,15.563,0.426,4.797,36.43,0.373,0.586
Honey,LD,LD-12-1,LD12,Commodity,0.627,1.77,0.74,75.942,1.16,122.942,13.161,0.59,12.22,41.289,0.332,0.46
Honey,LD,LD-12-2,LD12,Commodity,0.59,1.77,0.74,76.679,1.143,126.886,13.124,0.59,12.35,39.3,0.332,0.442
Honey,LD,LD-12-3,LD12,Commodity,0.627,1.77,0.74,76.311,1.217,127.34,13.124,0.59,12.35,41.363,0.332,0.442
Honey,LD,LD-13-1,LD13,Commodity,0.464,1.345,0,51.938,7.95,769.384,23.419,0.464,45.492,33.64,0.278,0.51
Honey,LD,LD-13-2,LD13,Commodity,0.417,1.391,0,52.42,7.234,778.381,23.651,0.464,46.142,33.389,0.278,0.51
Honey,LD,LD-13-3,LD13,Commodity,0.464,1.391,0,51.475,7.42,774.578,23.511,0.464,45.771,31.72,0.278,0.51
Honey,LD,LD-14-1,LD14,Commodity,0.86,1.461,0.5,19.857,3.24,1327.353,25.247,0.554,17.537,43.338,0.655,1.31
Honey,LD,LD-14-2,LD14,Commodity,0.655,1.411,0.5,112.377,3.74,1331.687,25.297,0.554,17.386,43.187,0.655,1.31
Honey,LD,LD-14-3,LD14,Commodity,0.76,1.411,0.5,111.369,3.225,1323.12,25.146,0.554,17.537,42.884,0.655,1.31
Honey,RP,RP-1-1,RP1,Jiangxi,0.466,9.477,0,59.555,0.27,172.191,19.472,0.363,17.297,48.317,0.52,0.363
Honey,RP,RP-1-2,RP1,Jiangxi,0.466,9.425,0,59.555,0.27,169.61,19.42,0.363,17.815,47.644,0.52,0.363
Honey,RP,RP-1-3,RP1,Jiangxi,0.466,9.425,0,59.37,0.259,174.158,19.368,0.363,17.763,48.6,0.52,0.311
Honey,RP,RP-2-1,RP2,Hubei,0.6,6.32,0,51.763,1.313,175.19,17.74,0.338,5.964,51.913,0.75,0.488
Honey,RP,RP-2-2,RP2,Hubei,0.6,6.32,0,52.138,1.35,176.69,17.74,0.338,5.739,55.739,0.75,0.488
Honey,RP,RP-2-3,RP2,Hubei,0.638,6.32,0,52.513,1.425,174.269,17.667,0.338,5.889,55.326,0.75,0.488
Honey,RP,RP-3-1,RP3,Inner Mongolia,0.398,6.917,0,8.621,0.149,979.546,18.812,1.145,0,46.581,0.299,0.249
Honey,RP,RP-3-2,RP3,Inner Mongolia,0.398,7.17,0,81.119,0.199,984.224,18.911,1.145,0,45.785,0.299,0.249
Honey,RP,RP-3-3,RP3,Inner Mongolia,0.448,7.67,0,82.114,0.199,985.667,18.812,1.145,0,46.73,0.299,0.249
Honey,RP,RP-4-1,RP4,Jiangxi,0.245,5.529,0,28.381,0,136.72,16.148,0.44,4.28,46.78,0.49,0.538
Honey,RP,RP-4-2,RP4,Jiangxi,0.294,5.529,0,28.381,0,136.573,16.99,0.44,4.11,47.96,0.49,0.538
Honey,RP,RP-4-3,RP4,Jiangxi,0.391,5.578,0,28.871,0,135.986,16.1,0.44,3.768,48.689,0.49,0.538
Honey,RP,RP-5-1,RP5,Jiangxi,0.344,8.376,0,51.971,0.86,16.38,17.352,0.344,14.26,48.75,0.86,0.43
Honey,RP,RP-5-2,RP5,Jiangxi,0.31,8.333,0,53.69,0.86,161.283,17.31,0.344,14.33,5.382,0.86,0.43
Honey,RP,RP-5-3,RP5,Jiangxi,0.43,8.419,0,52.831,0.86,156.988,17.267,0.344,14.2,49.351,0.86,0.472
Honey,RP,RP-6-1,RP6,Jiangxi,2.83,3.294,0,57.528,0.393,362.179,22.224,1.868,9.539,61.314,0.148,0.393
Honey,RP,RP-6-2,RP6,Jiangxi,2.852,3.294,0,58.19,0.393,364.588,22.224,1.868,9.932,56.987,0.148,0.393
Honey,RP,RP-6-3,RP6,Jiangxi,2.91,3.294,0,57.528,0.344,36.57,22.28,1.868,9.244,6.85,0.148,0.393
Honey,RP,RP-7-1,RP7,Hubei,0.668,3.959,0,39.593,2.5,123.663,17.2,0.36,32.293,36.58,0.13,0.411
Honey,RP,RP-7-2,RP7,Hubei,0.514,4.62,0,39.593,2.16,123.663,17.71,0.36,31.111,37.382,0.13,0.411
Honey,RP,RP-7-3,RP7,Hubei,0.72,4.62,0,39.593,2.211,122.789,17.2,0.36,32.139,37.227,0.13,0.411
Honey,SS,SS-1-1,SS1,Jiangxi,0.385,2.184,0,26.546,0,73.514,1.233,1.584,0,18.239,0.86,0.214
Honey,SS,SS-1-2,SS1,Jiangxi,0.385,2.141,0,27.42,0,73.771,1.19,1.584,0,19.139,0.86,0.214
Honey,SS,SS-1-3,SS1,Jiangxi,0.428,2.141,0,26.546,0,7.988,1.62,1.627,0,15.927,0.86,0.171
Honey,SS,SS-2-1,SS2,Jiangxi,0.48,1.824,0,32.642,0,248.176,13.921,2.976,2.16,3.674,0.96,0.192
Honey,SS,SS-2-2,SS2,Jiangxi,0.432,1.776,0,33.122,0,245.68,13.825,2.976,2.352,28.898,0.96,0.192
Honey,SS,SS-2-3,SS2,Jiangxi,0.528,1.824,0,32.642,0,244,13.777,2.976,2.16,3.146,0.96,0.144
Honey,SS,SS-3-1,SS3,Jiangxi,0.458,2.151,0.92,35.247,0,215.463,14.99,2.16,0.683,16.433,0.183,0.92
Honey,SS,SS-3-2,SS3,Jiangxi,0.366,2.16,0.137,36.162,0,216.516,14.19,2.16,0.641,17.44,0.183,0.46
Honey,SS,SS-3-3,SS3,Jiangxi,0.412,2.16,0.137,37.78,0,216.12,14.144,2.16,0.666,16.662,0.183,0.46
Honey,SS,SS-4-1,SS4,Jiangxi,0.251,1.657,0,28.62,0.653,162.482,1.645,1.15,2.511,37.759,0.1,0.31
Honey,SS,SS-4-2,SS4,Jiangxi,0.251,1.77,0,28.62,0.753,163.487,1.594,1.15,2.41,39.365,0.1,0.251
Honey,SS,SS-4-3,SS4,Jiangxi,0.251,1.657,0,29.122,0.73,16.323,1.645,1.15,2.36,38.1,0.1,0.251
Honey,SS,SS-5-1,SS5,Jiangxi,0.499,1.797,0,4.427,0,136.35,11.13,1.897,6.588,28.898,0.1,0.399
Honey,SS,SS-5-2,SS5,Jiangxi,0.499,1.797,0,39.928,0,138.85,11.13,1.897,6.289,3.545,0.1,0.349
Honey,SS,SS-5-3,SS5,Jiangxi,0.499,1.797,0,41.425,0,137.852,11.23,1.946,6.638,25.64,0.1,0.349
Honey,SS,SS-6-1,SS6,Jiangxi,0.29,2.34,0.157,66.492,0.157,164,25.969,3.455,0.995,36.23,0.29,2.461
Honey,SS,SS-6-2,SS6,Jiangxi,0.157,2.34,0.157,66.492,0.29,1647.96,26.126,3.455,1.152,35.864,0.29,2.513
Honey,SS,SS-6-3,SS6,Jiangxi,0.29,2.34,0.157,66.492,0.29,1664.974,26.283,3.455,1.24,36.335,0.29,2.461
Honey,SS,SS-7-1,SS7,Jiangxi,0.732,1.829,0,42.981,0,313.352,42.77,9.922,1.646,33.288,0.137,0.183
Honey,SS,SS-7-2,SS7,Jiangxi,0.64,1.829,0,42.981,0,39.556,42.615,9.877,1.783,34.614,0.137,0.137
Honey,SS,SS-7-3,SS7,Jiangxi,0.686,1.783,0,43.896,0,39.328,42.798,1.59,1.738,33.425,0.137,0.137
Honey,SS,SS-8-1,SS8,Jiangxi,0.474,1.234,0,25.622,0,139.97,1.723,1.945,0,22.63,0.142,0.142
Honey,SS,SS-8-2,SS8,Jiangxi,0.522,1.234,0,26.571,0,139.827,1.723,1.945,0,23.22,0.142,0.47
Honey,SS,SS-8-3,SS8,Jiangxi,0.474,1.186,0,27.519,0,138.831,1.771,1.993,0,21.826,0.19,0.95
Honey,SS,SS-9-1,SS9,Jiangxi,1.562,1.838,0,38.589,0.23,471.931,25.956,3.629,5.191,63.91,0.138,0.368
Honey,SS,SS-9-2,SS9,Jiangxi,1.68,1.838,0,39.48,0.413,472.483,26.1,3.629,5.7,64.866,0.138,0.276
Honey,SS,SS-9-3,SS9,Jiangxi,1.7,1.838,0,39.58,0.368,477.811,26.415,3.629,5.559,67.622,0.138,0.322
Honey,SS,SS-1-1,SS1,Jiangxi,0.818,1.683,0,53.867,0.144,382.791,49.25,12.24,2.45,52.232,0.144,0.385
Honey,SS,SS-1-2,SS1,Jiangxi,0.818,1.731,0,53.867,0.24,382.214,49.49,12.24,2.453,53.242,0.144,0.337
Honey,SS,SS-1-3,SS1,Jiangxi,0.866,1.683,0,55.31,0.192,385.629,49.875,12.12,2.886,55.69,0.144,0.289
Honey,SS,SS-11-1,SS11,Jiangxi,0.362,1.757,0,4.314,0,159.81,12.818,1.757,0,29.15,0.13,0.258
Honey,SS,SS-11-2,SS11,Jiangxi,0.413,1.89,0,4.831,0,16.12,12.818,1.89,0,29.357,0.13,0.258
Honey,SS,SS-11-3,SS11,Jiangxi,0.362,1.89,0,41.348,0,163.66,12.921,1.89,0,3.132,0.13,0.258
Honey,SS,SS-12-1,SS12,Jiangxi,0.428,1.821,0.214,29.985,0.214,68.85,9.959,1.553,0,14.44,0.17,0.589
Honey,SS,SS-12-2,SS12,Jiangxi,0.482,1.928,0.214,32.127,0.214,7.34,1.13,1.553,0,17.81,0.17,0.589
Honey,SS,SS-12-3,SS12,Jiangxi,0.482,1.928,0.214,32.662,0.321,71.696,9.852,1.553,0,17.723,0.17,0.535
Syrup,Sy,SY-1-1,SY1,Inverted syrup,0.917,0,1.13,24.64,0.482,0,3.956,0,118.246,1.33,0.96,0
Syrup,Sy,SY-1-2,SY1,Inverted syrup,0.917,0,1.61,25.87,0.482,0,3.98,0.48,117.426,2.59,0.96,0
Syrup,Sy,SY-1-3,SY1,Inverted syrup,0.868,0,1.61,25.87,0.482,0,3.98,0,118.53,0.434,0.96,0
Syrup,Sy,SY-2-1,SY2,Maltose syrup,0.84,0,1.56,18.6,0.452,0,0.42,0.5,17.595,3.469,0.5,0
Syrup,Sy,SY-2-2,SY2,Maltose syrup,0.95,0,1.16,19.13,0.53,0,0.42,0.5,17.796,4.776,0.5,0
Syrup,Sy,SY-2-3,SY2,Maltose syrup,0.84,0,1.56,19.66,0.53,0,0.42,0.5,17.796,4.72,0.5,0
Syrup,Sy,SY-3-1,SY3,Maltose syrup,0.94,0,0.987,21.153,0.517,0,0.658,0.47,3.76,32.34,0.47,0
Syrup,Sy,SY-3-2,SY3,Maltose syrup,0.94,0,1.34,21.623,0.517,0,0.658,0.47,4.89,34.361,0.47,0
Syrup,Sy,SY-3-3,SY3,Maltose syrup,0.94,0,1.34,22.93,0.564,0,0.658,0.47,3.666,35.19,0.47,0
Syrup,Sy,SY-4-1,SY4,Fructose syrup,0.833,0,1.41,2.3,0.312,0,0.26,0,0,5.83,0.38,0
Syrup,Sy,SY-4-2,SY4,Fructose syrup,0.833,0,1.41,2.3,0.364,0,0.26,0.52,0,6.871,0.38,0
Syrup,Sy,SY-4-3,SY4,Fructose syrup,0.885,0,1.93,2.82,0.364,0,0.26,0,0,5.257,0.38,0
Syrup,Sy,SY-5-1,SY5,Fructose syrup,0.821,0,1.27,16.425,0.257,0,0.154,0,0,11.857,0.36,0
Syrup,Sy,SY-5-2,SY5,Fructose syrup,0.719,0,1.27,16.939,0.359,0,0.25,0,0,13.397,0.36,0
Syrup,Sy,SY-5-3,SY5,Fructose syrup,0.77,0,1.78,17.452,0.38,0,0.25,0,0,13.397,0.36,0
Syrup,Sy,SY-6-1,SY6,Fructose syrup,1.2,0,0.881,19.473,0.974,0,0.63,0.93,3.756,16.645,0.46,0
Syrup,Sy,SY-6-2,SY6,Fructose syrup,0.974,0,0.881,19.937,1.2,0,0.63,0.93,3.82,17.851,0.46,0
Syrup,Sy,SY-6-3,SY6,Fructose syrup,1.66,0,0.927,2.41,1.66,0,0.63,0.93,3.82,19.149,0.46,0
Syrup,Sy,SY-7-1,SY7,Fructose syrup,1.144,0,0.995,25.863,1.94,0,1.94,0.99,8.74,18.154,0.5,0
Syrup,Sy,SY-7-2,SY7,Fructose syrup,1.194,0,0.995,25.863,1.94,0,1.94,0.99,8.55,19.49,0.5,0
Syrup,Sy,SY-7-3,SY7,Fructose syrup,1.194,0,0.995,27.355,1.94,0,1.94,0.99,8.455,19.745,0.5,0
Syrup,Sy,SY-8-1,SY8,Fructose syrup,1.225,0,0.98,24.3,0.833,0,0.833,0.49,1.434,8.622,0.49,0
Syrup,Sy,SY-8-2,SY8,Fructose syrup,1.225,0,0.98,24.3,1.29,0,0.833,0.49,1.14,9.454,0.49,0
Syrup,Sy,SY-8-3,SY8,Fructose syrup,1.323,0,0.98,24.983,0.98,0,0.833,0.49,1.63,9.65,0.49,0
Syrup,Sy,SY-9-1,SY9,Fructose syrup,0.72,0,0.878,14.49,0.22,0,0.88,0.44,0,7.419,0.43,0
Syrup,Sy,SY-9-2,SY9,Fructose syrup,0.72,0,0.878,13.61,0.22,0,0.88,0,0,7.551,0.43,0
Syrup,Sy,SY-9-3,SY9,Fructose syrup,0.72,0,0.878,14.49,0.176,0,0.88,0,0,9.439,0.43,0
Syrup,Sy,SY-1-1,SY1,Maltose syrup,0.86,0,1.75,25.263,0.43,0,0.699,0.54,7.418,7.633,0.54,0
Syrup,Sy,SY-1-2,SY1,Maltose syrup,0.86,0,1.75,26.338,0.484,0,0.699,0.54,7.418,8.17,0.54,0
Syrup,Sy,SY-1-3,SY1,Maltose syrup,0.968,0,1.75,26.876,0.484,0,0.699,0.54,7.472,9.84,0.54,0
Syrup,Sy,SY-11-1,SY11,Fructose syrup,0.817,0,1.72,21.444,0.357,0,1.379,0.51,7.556,2.64,0.51,0
Syrup,Sy,SY-11-2,SY11,Fructose syrup,0.817,0,1.72,21.954,0.357,0,1.379,0.51,7.812,1.889,0.51,0
Syrup,Sy,SY-11-3,SY11,Fructose syrup,0.919,0,1.123,22.976,0.357,0,1.379,0.51,8.67,3.319,0.51,0
Syrup,Sy,SY-12-1,SY12,Fructose syrup,0.828,0,1.12,16.555,0.598,0,0.23,0.46,0,9.657,0.48,0
Syrup,Sy,SY-12-2,SY12,Fructose syrup,0.874,0,1.12,17.474,0.644,0,0.23,0.46,0,9.933,0.48,0
Syrup,Sy,SY-12-3,SY12,Fructose syrup,0.874,0,1.12,17.934,0.644,0,0.23,0.46,0,1.577,0.48,0
Syrup,Sy,SY-13-1,SY13,Fructose syrup,0.838,0,1.24,2.478,0.279,0,0.512,0.47,0.977,9.82,0.47,0
Syrup,Sy,SY-13-2,SY13,Fructose syrup,0.838,0,1.24,21.49,0.326,0,0.465,0.47,0.884,1.7,0.47,0
Syrup,Sy,SY-13-3,SY13,Fructose syrup,0.884,0,1.24,21.875,0.372,0,0.512,0.47,1.7,11.77,0.47,0
Syrup,Sy,SY-14-1,SY14,Fructose syrup,0.842,0,1.9,16.843,0.347,0,0.297,0.5,1.338,1.948,0.5,0
Syrup,Sy,SY-14-2,SY14,Fructose syrup,0.941,0,1.9,16.843,0.396,0,0.297,0.5,1.982,11.592,0.5,0
Syrup,Sy,SY-14-3,SY14,Fructose syrup,0.892,0,1.9,17.339,0.396,0,0.248,0.5,1.536,11.592,0.5,0
Syrup,Sy,SY-15-1,SY15,Maltose syrup,0.89,0,1.88,2.765,0.396,0,0.297,0.49,1.482,1.38,0.48,0
Syrup,Sy,SY-15-2,SY15,Maltose syrup,0.841,0,1.88,2.765,0.396,0,0.297,0.49,1.729,2.77,0.48,0
Syrup,Sy,SY-15-3,SY15,Maltose syrup,0.841,0,1.88,21.26,0.445,0,0.297,0.49,1.778,2.27,0.48,0
Adulterated honey,AAC,AC2-1-1,AC2-5,Adulterated honey,1.25,3,0.15,26,1,265.85,6.3,0.2,1.1,36.1,0.5,0.35
Adulterated honey,AAC,AC2-1-2,AC2-5,Adulterated honey,1.25,3.5,0.1,25,1.4,259.45,6.2,0.15,1.2,42,0.5,0.35
Adulterated honey,AAC,AC2-1-3,AC2-5,Adulterated honey,1.2,3,0.1,25.5,1.25,263.6,6.2,0.2,9.85,47.65,0.5,0.35
Adulterated honey,AAC,AC2-2-1,AC2-1,Adulterated honey,1.15,3,0.15,27,0.9,266.3,6.3,0.2,11.25,38.5,0.5,0.35
Adulterated honey,AAC,AC2-2-2,AC2-1,Adulterated honey,1.1,3,0.1,25.5,1.3,258.75,6.1,0.15,1.1,41.9,0.5,0.35
Adulterated honey,AAC,AC2-2-3,AC2-1,Adulterated honey,1.1,3,0.1,26.5,1.25,26.7,6.1,0.2,1.3,49.3,0.5,0.35
Adulterated honey,AAC,AC2-3-1,AC2-2,Adulterated honey,1.2,2.6,0.15,26,1,23.55,5.55,0.15,1.55,33.3,0.5,0.3
Adulterated honey,AAC,AC2-3-2,AC2-2,Adulterated honey,1.5,2.65,0.1,24,1.45,224.85,5.45,0.1,1.25,38.55,0.5,0.35
Adulterated honey,AAC,AC2-3-3,AC2-2,Adulterated honey,1.5,2.6,0.1,25.5,1.35,226.8,5.4,0.15,1.1,43.65,0.5,0.3
Adulterated honey,AAC,AC2-4-1,AC2-3,Adulterated honey,1.1,2.4,0.2,39.5,1.5,2,8.45,0.25,14.15,51.15,0.5,0.35
Adulterated honey,AAC,AC2-4-2,AC2-3,Adulterated honey,1.1,2.45,0.15,39,2,193,8.4,0.2,13.9,6.2,0.5,0.4
Adulterated honey,AAC,AC2-4-3,AC2-3,Adulterated honey,1.5,2.55,0.15,39,1.85,195,8.3,0.25,14.2,66,0.5,0.35
Adulterated honey,AAC,AC2-5-1,AC2-4,Adulterated honey,0.9,1.95,0.15,26,0.45,17,4.4,0.15,8,27.3,0.5,0.35
Adulterated honey,AAC,AC2-5-2,AC2-4,Adulterated honey,0.8,1.95,0.5,25.5,0.9,168.55,4.3,0.1,8.25,31.9,0.5,0.35
Adulterated honey,AAC,AC2-5-3,AC2-4,Adulterated honey,0.8,2,0.5,26,0.75,17.8,4.3,0.15,7.95,34.9,0.5,0.35
Adulterated honey,AAC,AC9-1-1,AC9-5,Adulterated honey,1,7.8,0.2,32.5,0.7,255.75,12,0.3,18.3,42.15,0.1,0.5
Adulterated honey,AAC,AC9-1-2,AC9-5,Adulterated honey,0.85,7.8,0.15,33.5,1.15,25.2,11.85,0.25,18.2,49.55,0.1,0.5
Adulterated honey,AAC,AC9-1-3,AC9-5,Adulterated honey,0.85,7.75,0.15,34,1,253.45,11.85,0.3,18.2,56.8,0.1,0.5
Adulterated honey,AAC,AC9-2-1,AC9-1,Adulterated honey,1,7.55,0.15,3.5,0.45,249.3,11.7,0.25,18.35,42.4,0.1,0.35
Adulterated honey,AAC,AC9-2-2,AC9-1,Adulterated honey,0.75,7.5,0.5,29.5,0.95,243.95,11.45,0.25,17.5,49.25,0.1,0.35
Adulterated honey,AAC,AC9-2-3,AC9-1,Adulterated honey,0.85,7.5,0.5,31,0.75,245.85,11.45,0.3,17.6,54.5,0.1,0.35
Adulterated honey,AAC,AC9-3-1,AC9-2,Adulterated honey,1.5,6.55,0.15,32.5,0.35,214.35,1.4,0.25,16.6,37.8,0.1,0.7
Adulterated honey,AAC,AC9-3-2,AC9-2,Adulterated honey,0.6,6.55,0.5,32.5,0.9,211.95,1.25,0.2,16.45,43.4,0.1,0.7
Adulterated honey,AAC,AC9-3-3,AC9-2,Adulterated honey,0.8,6.55,0.1,33.5,0.75,214.75,1.2,0.25,16.75,48,0.1,0.7
Adulterated honey,AAC,AC9-4-1,AC9-3,Adulterated honey,0.8,5.8,0.15,27,0.25,188.8,9.2,0.2,15.4,33.95,0.5,0.35
Adulterated honey,AAC,AC9-4-2,AC9-3,Adulterated honey,0.65,5.85,0.5,26.5,0.75,189.1,9.5,0.2,15.2,4.45,0.5,0.35
Adulterated honey,AAC,AC9-4-3,AC9-3,Adulterated honey,0.6,5.8,0.5,26.5,0.7,186.8,8.95,0.2,14.45,43.9,0.5,0.35
Adulterated honey,AAC,AC9-5-1,AC9-4,Adulterated honey,0.75,4.95,0.15,24.5,0.1,158.85,7.7,0.2,13.45,31.7,0.5,0.4
Adulterated honey,AAC,AC9-5-2,AC9-4,Adulterated honey,0.55,4.9,0.5,23,0.6,154.5,7.65,0.15,13.65,36.45,0.5,0.4
Adulterated honey,AAC,AC9-5-3,AC9-4,Adulterated honey,0.5,4.85,0.5,24,0.5,156.8,7.5,0.2,12.85,39.75,0.5,0.35
Adulterated honey,ACA,CA3-1-1,CA3-5,Adulterated honey,0.95,3.6,0.2,6.5,2.5,712.55,9.7,0.15,17.85,38,0.9,0.75
Adulterated honey,ACA,CA3-1-2,CA3-5,Adulterated honey,0.8,3.55,0.15,61.5,2.5,71.25,9.7,0.1,17.45,46.15,0.9,0.8
Adulterated honey,ACA,CA3-1-3,CA3-5,Adulterated honey,0.85,3.55,0.15,62.5,2,72.55,9.7,0.15,17.35,51,0.9,0.8
Adulterated honey,ACA,CA3-2-1,CA3-1,Adulterated honey,0.9,3.45,0.2,59.5,2,685.95,9.4,0.15,17.95,37.2,0.85,0.7
Adulterated honey,ACA,CA3-2-2,CA3-1,Adulterated honey,0.9,3.4,0.15,59,1.95,675.85,9.4,0.1,17.9,44.4,0.85,0.75
Adulterated honey,ACA,CA3-2-3,CA3-1,Adulterated honey,0.9,3.45,0.15,6,1.75,675.3,9.3,0.15,17.9,51.6,0.85,0.7
Adulterated honey,ACA,CA3-3-1,CA3-2,Adulterated honey,0.8,3.1,0.2,53,1.7,612.5,8.4,0.1,16.2,35.4,0.75,0.65
Adulterated honey,ACA,CA3-3-2,CA3-2,Adulterated honey,0.75,3.5,0.15,53.5,1.75,597.25,8.3,0.1,15.45,41.55,0.8,0.65
Adulterated honey,ACA,CA3-3-3,CA3-2,Adulterated honey,0.85,3,0.15,54.5,1.7,63.4,8.35,0.1,15.85,43.8,0.8,0.65
Adulterated honey,ACA,CA3-4-1,CA3-3,Adulterated honey,0.7,2.65,0.15,47,1.25,531.65,7.15,0.1,14.6,3.3,0.65,0.65
Adulterated honey,ACA,CA3-4-2,CA3-3,Adulterated honey,0.65,2.75,0.1,46.5,1.35,525.5,7.25,0.5,13.65,37.8,0.7,0.65
Adulterated honey,ACA,CA3-4-3,CA3-3,Adulterated honey,0.65,2.75,0.15,48,1.5,524.95,7.25,0.1,14.3,41.45,0.7,0.65
Adulterated honey,ACA,CA3-5-1,CA3-4,Adulterated honey,0.65,2.35,0.2,49.5,1.2,469.55,6.7,0.1,13.8,28.75,0.6,0.65
Adulterated honey,ACA,CA3-5-2,CA3-4,Adulterated honey,0.5,2.35,0.1,48,1.2,456.6,6.6,0.5,13.1,33.75,0.6,0.65
Adulterated honey,ACA,CA3-5-3,CA3-4,Adulterated honey,0.6,2.35,0.1,49.5,1.25,457.9,6.6,0.1,13.1,38.2,0.6,0.65
Adulterated honey,ACA,CA7-1-1,CA7-5,Adulterated honey,0.65,3.65,0.15,52,2.65,155.4,47,0.2,169.45,38.55,0.1,0.4
Adulterated honey,ACA,CA7-1-2,CA7-5,Adulterated honey,0.4,3.6,0.5,5.5,2.65,149.25,46.8,0.15,168.6,45.3,0.1,0.4
Adulterated honey,ACA,CA7-1-3,CA7-5,Adulterated honey,0.45,3.65,0.1,52.5,2.55,15.9,46.3,0.2,167.45,5.75,0.1,0.4
Adulterated honey,ACA,CA7-2-1,CA7-1,Adulterated honey,0.6,3.45,0.15,48.5,2.35,147.3,44.85,0.2,162.1,37.5,0.1,0.45
Adulterated honey,ACA,CA7-2-2,CA7-1,Adulterated honey,0.5,3.45,0.1,48,2.55,142.85,44.35,0.15,159.35,43.1,0.1,0.45
Adulterated honey,ACA,CA7-2-3,CA7-1,Adulterated honey,0.5,3.45,0.1,49,2.45,142.4,44.15,0.2,16.4,49.5,0.1,0.45
Adulterated honey,ACA,CA7-3-1,CA7-2,Adulterated honey,0.5,3.15,0.15,46.5,2.1,133,4.45,0.2,146.15,34.95,0.5,0.4
Adulterated honey,ACA,CA7-3-2,CA7-2,Adulterated honey,0.5,3.1,0.5,46,2.25,129.3,4.1,0.15,145.2,41,0.5,0.4
Adulterated honey,ACA,CA7-3-3,CA7-2,Adulterated honey,0.45,3.1,0.5,46.5,2.15,128.7,39.85,0.2,143.75,45.4,0.1,0.4
Adulterated honey,ACA,CA7-4-1,CA7-3,Adulterated honey,0.5,2.7,0.15,39,1.6,113.55,34.55,0.15,124.45,32.1,0.5,0.35
Adulterated honey,ACA,CA7-4-2,CA7-3,Adulterated honey,0.35,2.65,0.5,38,1.95,18.2,34.2,0.1,124.15,35.4,0.5,0.35
Adulterated honey,ACA,CA7-4-3,CA7-3,Adulterated honey,0.3,2.7,0.5,38.5,1.85,18.4,34.1,0.15,124.5,4.6,0.5,0.35
Adulterated honey,ACA,CA7-5-1,CA7-4,Adulterated honey,0.55,2.4,0.2,3.5,1.5,11.2,3.65,0.15,113.5,28.5,0.5,0.5
Adulterated honey,ACA,CA7-5-2,CA7-4,Adulterated honey,0.35,2.4,0.1,3,1.8,94.5,3.3,0.1,111.25,33.5,0.5,0.45
Adulterated honey,ACA,CA7-5-3,CA7-4,Adulterated honey,0.4,2.35,0.1,3.5,1.65,96.25,3.2,0.15,111.7,37.3,0.5,0.45
Adulterated honey,AJU,JU4-1-1,JU4-5,Adulterated honey,1.45,3.4,0.1,61.5,3.75,875.75,21.5,0.3,27.15,47.75,0.7,0.6
Adulterated honey,AJU,JU4-1-2,JU4-5,Adulterated honey,1.5,3.35,0.1,62,3.75,886.43,21.15,0.3,27.5,53.45,0.7,0.55
Adulterated honey,AJU,JU4-1-3,JU4-5,Adulterated honey,1.45,3.35,0.1,62.5,3.65,9,21.3,0.3,27.1,52.85,0.7,0.5
Adulterated honey,AJU,JU4-2-1,JU4-1,Adulterated honey,1.25,3.5,0.5,58.5,3.3,85.6,19.45,0.25,24.3,46.4,0.65,0.5
Adulterated honey,AJU,JU4-2-2,JU4-1,Adulterated honey,1.25,3.5,0.5,59.5,3.25,89.65,19.45,0.25,24.2,46.65,0.65,0.45
Adulterated honey,AJU,JU4-2-3,JU4-1,Adulterated honey,1.2,3,0.5,59.5,3.2,814.4,19.5,0.25,24.5,48.5,0.65,0.45
Adulterated honey,AJU,JU4-3-1,JU4-2,Adulterated honey,1,2.65,0.5,49,2.95,685.5,16.5,0.25,2.15,37.8,0.55,0.45
Adulterated honey,AJU,JU4-3-2,JU4-2,Adulterated honey,1,2.6,0.5,49.5,2.85,677.56,16.55,0.25,2.35,4.4,0.55,0.4
Adulterated honey,AJU,JU4-3-3,JU4-2,Adulterated honey,1,2.65,0.5,5,2.8,694.85,16.6,0.25,2.2,43.5,0.55,0.45
Adulterated honey,AJU,JU4-4-1,JU4-3,Adulterated honey,0.95,2.3,0.1,43.5,2.6,619.25,15,0.2,19.45,35.75,0.5,0.35
Adulterated honey,AJU,JU4-4-2,JU4-3,Adulterated honey,1.5,2.3,0.1,44.5,2.45,618.56,14.85,0.2,19.3,38.45,0.5,0.3
Adulterated honey,AJU,JU4-4-3,JU4-3,Adulterated honey,1.5,2.35,0.1,44,2.55,629.15,15.1,0.2,19.6,38.75,0.5,0.3
Adulterated honey,AJU,JU4-5-1,JU4-4,Adulterated honey,0.8,2,0,38.5,2.2,532.5,12.9,0.2,16.45,33,0.4,0.35
Adulterated honey,AJU,JU4-5-2,JU4-4,Adulterated honey,0.75,2,0,39,2.15,53.87,12.85,0.2,16.15,37,0.45,0.3
Adulterated honey,AJU,JU4-5-3,JU4-4,Adulterated honey,0.75,2,0,39.5,2.15,54.7,13.1,0.2,16.5,36.2,0.45,0.3
Adulterated honey,AJU,JU6-1-1,JU6-5,Adulterated honey,0.95,3.15,0.5,66.5,1.65,813.2,59.6,0.25,22.6,39.15,1.2,0.9
Adulterated honey,AJU,JU6-1-2,JU6-5,Adulterated honey,1.5,3.15,0.1,66.5,1.5,828.6,59.65,0.25,24.95,47.1,1.2,0.85
Adulterated honey,AJU,JU6-1-3,JU6-5,Adulterated honey,1,3.15,0.1,68.5,1.6,822.95,6,0.25,26.15,49.25,1.25,0.85
Adulterated honey,AJU,JU6-2-1,JU6-1,Adulterated honey,0.95,3,0.1,63,1.55,775.7,57.1,0.25,194.55,42.1,1.15,0.8
Adulterated honey,AJU,JU6-2-2,JU6-1,Adulterated honey,0.95,2.95,0.1,64.5,1.55,777.78,56.7,0.25,194.5,46.15,1.15,0.75
Adulterated honey,AJU,JU6-2-3,JU6-1,Adulterated honey,0.95,3,0.1,65,1.55,786.5,57.5,0.25,196.5,44.8,1.2,0.75
Adulterated honey,AJU,JU6-3-1,JU6-2,Adulterated honey,0.75,2.55,0.5,54,1.35,676.4,49.8,0.2,17.4,36.75,1,0.7
Adulterated honey,AJU,JU6-3-2,JU6-2,Adulterated honey,0.8,2.55,0.5,53.5,1.3,67.12,49.9,0.2,169.85,38,1,0.7
Adulterated honey,AJU,JU6-3-3,JU6-2,Adulterated honey,0.8,2.55,0.5,54.5,1.3,688.55,5.5,0.2,173,43.25,1.5,0.7
Adulterated honey,AJU,JU6-4-1,JU6-3,Adulterated honey,0.85,2.3,0.5,49.5,1.35,68.8,44.9,0.2,153.35,33.85,0.9,0.65
Adulterated honey,AJU,JU6-4-2,JU6-3,Adulterated honey,0.85,2.3,0.5,49.5,1.2,613.23,45,0.2,154.6,39.1,0.9,0.55
Adulterated honey,AJU,JU6-4-3,JU6-3,Adulterated honey,0.75,2.3,0.5,5.5,1.25,621.45,45.45,0.2,155.8,39.15,0.95,0.6
Adulterated honey,AJU,JU6-5-1,JU6-4,Adulterated honey,0.6,1.9,0.5,41.5,0.95,55.8,37.3,0.15,127.8,31.15,0.75,0.5
Adulterated honey,AJU,JU6-5-2,JU6-4,Adulterated honey,0.6,1.9,0.5,41.5,0.95,512.13,37.55,0.15,129.8,34.35,0.75,0.45
Adulterated honey,AJU,JU6-5-3,JU6-4,Adulterated honey,0.55,1.95,0.5,43,1,521.3,38,0.2,13.9,33.9,0.8,0.45
Adulterated honey,ALD,LD5-1-1,LD5-5,Adulterated honey,0.3,0.85,0.25,59.5,0.75,165.8,9.8,0.45,5.45,37.35,0.4,0.35
Adulterated honey,ALD,LD5-1-2,LD5-5,Adulterated honey,0.25,0.85,0.25,61.5,0.75,166.7,9.8,0.45,4.65,4,0.4,0.2
Adulterated honey,ALD,LD5-1-3,LD5-5,Adulterated honey,0.25,0.85,0.3,62.5,0.7,167,9.95,0.45,4.4,41.1,0.45,0.2
Adulterated honey,ALD,LD5-2-1,LD5-1,Adulterated honey,0.25,0.75,0.25,54.5,0.45,1534.9,9.5,0.4,4.65,36.2,0.4,0.25
Adulterated honey,ALD,LD5-2-2,LD5-1,Adulterated honey,0.2,0.75,0.25,55.5,0.45,1544.45,9.5,0.4,4.5,38.55,0.4,0.15
Adulterated honey,ALD,LD5-2-3,LD5-1,Adulterated honey,0.2,0.75,0.25,55.5,0.4,1559.9,9.25,0.4,4.25,39.8,0.4,0.15
Adulterated honey,ALD,LD5-3-1,LD5-2,Adulterated honey,0.25,0.75,0.25,53,0.55,1462.5,8.75,0.4,6.2,36.6,0.4,0.25
Adulterated honey,ALD,LD5-3-2,LD5-2,Adulterated honey,0.2,0.7,0.25,54,0.45,1477.63,8.8,0.4,5.95,4.3,0.4,0.2
Adulterated honey,ALD,LD5-3-3,LD5-2,Adulterated honey,0.25,0.7,0.25,55,0.5,1485.95,8.95,0.4,5.7,38.5,0.4,0.2
Adulterated honey,ALD,LD5-4-1,LD5-3,Adulterated honey,0.2,0.6,0.2,44,0.35,1238.8,7.4,0.35,4.45,31.85,0.3,0.3
Adulterated honey,ALD,LD5-4-2,LD5-3,Adulterated honey,0.2,0.6,0.2,45.5,0.25,1234.56,7.5,0.35,4.75,34.85,0.3,0.2
Adulterated honey,ALD,LD5-4-3,LD5-3,Adulterated honey,0.1,0.6,0.2,47,0.3,1268.45,7.6,0.35,4.65,33.5,0.35,0.2
Adulterated honey,ALD,LD5-5-1,LD5-4,Adulterated honey,0.1,0.5,0.1,4,0.3,138.7,6.35,0.3,4.2,26.7,0.25,0.2
Adulterated honey,ALD,LD5-5-2,LD5-4,Adulterated honey,0.1,0.5,0.15,4.5,0.25,155.46,6.35,0.3,3.7,28.8,0.25,0.15
Adulterated honey,ALD,LD5-5-3,LD5-4,Adulterated honey,0.5,0.5,0.15,41.5,0.25,166.45,6.5,0.3,3.8,29.25,0.3,0.15
Adulterated honey,ALD,LD6-1-1,LD6-5,Adulterated honey,0.15,1.95,0.3,75,0.3,1335.15,13.35,1,2.85,26.55,0.4,0.25
Adulterated honey,ALD,LD6-1-2,LD6-5,Adulterated honey,0.1,1.95,0.3,76.5,0.25,1345.56,13.4,1,2.6,28.25,0.4,0.1
Adulterated honey,ALD,LD6-1-3,LD6-5,Adulterated honey,0.2,2,0.35,76,0.25,1365.9,13.65,1,2.5,28.25,0.4,0.15
Adulterated honey,ALD,LD6-2-1,LD6-1,Adulterated honey,0.15,1.9,0.25,69,0.3,1311,13,0.95,2.5,24.75,0.4,0.35
Adulterated honey,ALD,LD6-2-2,LD6-1,Adulterated honey,0.2,1.9,0.25,7.5,0.3,1328.48,13.5,0.95,2.6,27.2,0.4,0.2
Adulterated honey,ALD,LD6-2-3,LD6-1,Adulterated honey,0.1,1.9,0.3,72,0.25,1338.85,13.35,1,2.5,26.25,0.4,0.2
Adulterated honey,ALD,LD6-3-1,LD6-2,Adulterated honey,0.2,1.75,0.25,59,0.25,121.3,11.8,0.9,3.2,23.55,0.35,0.25
Adulterated honey,ALD,LD6-3-2,LD6-2,Adulterated honey,0.2,1.75,0.25,6,0.2,1212.38,11.75,0.9,2.95,26.75,0.35,0.15
Adulterated honey,ALD,LD6-3-3,LD6-2,Adulterated honey,0.25,1.75,0.25,6,0.2,1216.85,11.95,0.9,2.7,27.3,0.35,0.1
Adulterated honey,ALD,LD6-4-1,LD6-3,Adulterated honey,0.1,1.45,0.15,57,0.15,993,9.95,0.75,2.45,19.5,0.3,0.2
Adulterated honey,ALD,LD6-4-2,LD6-3,Adulterated honey,0.1,1.4,0.15,57,0.15,11,9.9,0.75,2.4,25.3,0.3,0.1
Adulterated honey,ALD,LD6-4-3,LD6-3,Adulterated honey,0.1,1.45,0.2,59,0.1,112.5,1.15,0.75,2.35,23.65,0.3,0.1
Adulterated honey,ALD,LD6-5-1,LD6-4,Adulterated honey,0.1,1.25,0.15,48.5,0.8,885.3,8.8,0.65,2.7,22.95,0.25,0.15
Adulterated honey,ALD,LD6-5-2,LD6-4,Adulterated honey,0.15,1.3,0.15,49.5,0.75,889.34,8.8,0.65,2.2,2.2,0.25,0.5
Adulterated honey,ALD,LD6-5-3,LD6-4,Adulterated honey,0.5,1.3,0.2,51,0.75,96.9,9.5,0.65,2.55,23.45,0.25,0.5
Adulterated honey,ARP,RP2-1-1,RP2-5,Adulterated honey,0.45,7,0.1,55.5,2.3,181.6,18.5,0.4,12.5,4.35,0.1,0.85
Adulterated honey,ARP,RP2-1-2,RP2-5,Adulterated honey,0.5,6.9,0.5,55.5,1.9,176.75,18.6,0.35,12.95,43.5,0.1,0.85
Adulterated honey,ARP,RP2-1-3,RP2-5,Adulterated honey,0.55,6.85,0.5,57.5,1.9,173.75,18.4,0.4,12.85,52.25,0.1,0.85
Adulterated honey,ARP,RP2-2-1,RP2-1,Adulterated honey,0.45,6.5,0.1,49.5,2,166.5,17,0.35,12.7,36.1,0.1,0.55
Adulterated honey,ARP,RP2-2-2,RP2-1,Adulterated honey,0.45,6.45,0.5,51,1.65,163.65,17.3,0.3,12.85,42.75,0.1,0.55
Adulterated honey,ARP,RP2-2-3,RP2-1,Adulterated honey,0.5,6.45,0.5,51,1.75,162.1,17.5,0.35,12.5,49,0.1,0.5
Adulterated honey,ARP,RP2-3-1,RP2-2,Adulterated honey,0.45,5.7,0.1,45.5,1.7,148.35,15.25,0.3,12.5,32.3,0.1,0.6
Adulterated honey,ARP,RP2-3-2,RP2-2,Adulterated honey,0.4,5.6,0.5,46,1.6,144.6,15.45,0.25,12.2,37.6,0.1,0.6
Adulterated honey,ARP,RP2-3-3,RP2-2,Adulterated honey,0.5,5.65,0.1,48,1.55,14.65,15.3,0.35,12.15,44.5,0.1,0.6
Adulterated honey,ARP,RP2-4-1,RP2-3,Adulterated honey,0.4,4.8,0.1,4,1.35,124.1,13,0.3,11.15,28.8,0.5,0.65
Adulterated honey,ARP,RP2-4-2,RP2-3,Adulterated honey,0.4,4.75,0.5,4.5,1.3,121.1,13.15,0.2,11,33.85,0.5,0.65
Adulterated honey,ARP,RP2-4-3,RP2-3,Adulterated honey,0.3,4.75,0.5,41.5,1.25,119.5,12.95,0.3,1.8,39.55,0.5,0.65
Adulterated honey,ARP,RP2-5-1,RP2-4,Adulterated honey,0.4,4.25,0.15,36,1.2,18.5,11.5,0.25,1.65,27.65,0.5,0.4
Adulterated honey,ARP,RP2-5-2,RP2-4,Adulterated honey,0.35,4.25,0.1,36.5,1.3,15.65,11.55,0.2,1.25,31.2,0.5,0.45
Adulterated honey,ARP,RP2-5-3,RP2-4,Adulterated honey,0.4,4.25,0.1,36.5,1.15,15.1,11.45,0.25,1.5,36.5,0.5,0.45
Adulterated honey,ARP,RP6-1-1,RP6-5,Adulterated honey,2.55,3.35,0.2,55.5,0.6,353.95,22.2,2,14.9,48.2,0.15,0.4
Adulterated honey,ARP,RP6-1-2,RP6-5,Adulterated honey,2.35,3.45,0.1,55,1.15,353.2,21.9,1.95,14.65,58.5,0.15,0.4
Adulterated honey,ARP,RP6-1-3,RP6-5,Adulterated honey,2.4,3.45,0.1,56.5,1,35.55,21.75,2,14.25,59.4,0.15,0.4
Adulterated honey,ARP,RP6-2-1,RP6-1,Adulterated honey,2.35,3.3,0.2,52.5,0.5,337.85,21.5,1.9,14.85,46.65,0.15,0.45
Adulterated honey,ARP,RP6-2-2,RP6-1,Adulterated honey,2.15,3.3,0.1,51.5,1,335.35,2.85,1.85,14.55,55.95,0.15,0.45
Adulterated honey,ARP,RP6-2-3,RP6-1,Adulterated honey,2.2,3.25,0.1,52.5,0.9,332.55,2.6,1.9,14.55,59.55,0.15,0.45
Adulterated honey,ARP,RP6-3-1,RP6-2,Adulterated honey,2.1,2.85,0.15,5.5,0.45,298.85,18.9,1.65,13.3,45.45,0.15,0.4
Adulterated honey,ARP,RP6-3-2,RP6-2,Adulterated honey,1.85,2.9,0.1,5.5,0.9,294.95,18.6,1.65,12.9,48.3,0.15,0.4
Adulterated honey,ARP,RP6-3-3,RP6-2,Adulterated honey,1.95,2.9,0.1,5,0.85,299.55,18.55,1.7,13.15,53.8,0.15,0.4
Adulterated honey,ARP,RP6-4-1,RP6-3,Adulterated honey,2.5,2.55,0.2,49,0.2,261.55,16.7,1.5,12.3,4.75,0.15,0.3
Adulterated honey,ARP,RP6-4-2,RP6-3,Adulterated honey,1.75,2.6,0.1,48,0.75,26.3,16.5,1.45,11.6,46.4,0.15,0.3
Adulterated honey,ARP,RP6-4-3,RP6-3,Adulterated honey,1.85,2.55,0.1,48.5,0.6,261.3,16.4,1.5,12.5,48.95,0.15,0.3
Adulterated honey,ARP,RP6-5-1,RP6-4,Adulterated honey,1.5,2.15,0.15,39,0.6,215.85,14,1.25,1.95,34.9,0.1,0.3
Adulterated honey,ARP,RP6-5-2,RP6-4,Adulterated honey,1.35,2.15,0.1,38.5,1.1,214.45,13.75,1.2,1.4,38.8,0.1,0.3
Adulterated honey,ARP,RP6-5-3,RP6-4,Adulterated honey,1.45,2.15,0.1,4,1,216.9,13.8,1.25,1.75,44.95,0.1,0.3
Adulterated honey,ASS,SS11-1-1,SS11-5,Adulterated honey,0.15,1.8,0.1,2.5,0.25,138.4,1.35,1.7,2.35,21.95,0.1,0.1
Adulterated honey,ASS,SS11-1-2,SS11-5,Adulterated honey,0.15,1.8,0.1,2.5,0.2,13.7,1.4,1.7,2.5,23,0.1,0.5
Adulterated honey,ASS,SS11-1-3,SS11-5,Adulterated honey,0.15,1.8,0.1,21,0.3,142.55,1.6,1.75,2.1,24.9,0.1,0.5
Adulterated honey,ASS,SS11-2-1,SS11-1,Adulterated honey,0.2,1.75,0.1,22,0.35,133,1.15,1.65,2.15,22.25,0.1,0.1
Adulterated honey,ASS,SS11-2-2,SS11-1,Adulterated honey,0.25,1.8,0.1,22.5,0.3,14.5,1.25,1.65,2.35,23.55,0.1,0.5
Adulterated honey,ASS,SS11-2-3,SS11-1,Adulterated honey,0.3,1.8,0.1,23,0.3,137.95,1.35,1.7,2.6,26,0.1,0.5
Adulterated honey,ASS,SS11-3-1,SS11-2,Adulterated honey,0.2,1.55,0.5,22.5,0.25,115.35,9.1,1.45,2.8,21.5,0.1,0.15
Adulterated honey,ASS,SS11-3-2,SS11-2,Adulterated honey,0.25,1.55,0.1,23,0.25,118.9,9.15,1.5,2.85,22.35,0.1,0.5
Adulterated honey,ASS,SS11-3-3,SS11-2,Adulterated honey,0.15,1.55,0.1,23.5,0.25,122.35,9.45,1.5,2.75,23.7,0.1,0.1
Adulterated honey,ASS,SS11-4-1,SS11-3,Adulterated honey,0.25,1.45,0.1,2.5,0.4,111.5,8.6,1.35,4.1,21.15,0.1,0.1
Adulterated honey,ASS,SS11-4-2,SS11-3,Adulterated honey,0.25,1.45,0.1,2.5,0.25,111.3,8.65,1.4,4,22.6,0.1,0.5
Adulterated honey,ASS,SS11-4-3,SS11-3,Adulterated honey,0.2,1.45,0.1,22,0.3,113.6,8.8,1.4,3.9,23,0.1,0.5
Adulterated honey,ASS,SS11-5-1,SS11-4,Adulterated honey,0.2,1.25,0.1,19.5,0.35,95.85,7.6,1.2,4.2,19.55,0.1,0.1
Adulterated honey,ASS,SS11-5-2,SS11-4,Adulterated honey,0.25,1.25,0.15,2,0.3,96.8,7.6,1.2,4.15,21.5,0.1,0.5
Adulterated honey,ASS,SS11-5-3,SS11-4,Adulterated honey,0.15,1.25,0.15,21.5,0.3,97.35,7.8,1.25,4.2,22.6,0.1,0.1
Adulterated honey,ASS,SS3-1-1,SS3-5,Adulterated honey,0.3,1.95,0.2,26,0.15,185.55,12.1,2,2.4,13.7,0.15,0
Adulterated honey,ASS,SS3-1-2,SS3-5,Adulterated honey,0.3,1.95,0.2,27.5,0.15,188.9,12.1,2,2,15.7,0.15,0
Adulterated honey,ASS,SS3-1-3,SS3-5,Adulterated honey,0.25,1.95,0.25,27.5,0.2,191.15,12.4,2.5,1.85,16.15,0.15,0
Adulterated honey,ASS,SS3-2-1,SS3-1,Adulterated honey,0.3,1.9,0.2,27,0.4,183.6,12.1,1.95,3.1,14.2,0.15,0
Adulterated honey,ASS,SS3-2-2,SS3-1,Adulterated honey,0.3,1.9,0.25,28,0.3,179.5,12.15,1.95,2.8,15.65,0.15,0
Adulterated honey,ASS,SS3-2-3,SS3-1,Adulterated honey,0.3,1.9,0.25,28.5,0.35,192.4,12.5,2,2.75,16.25,0.15,0
Adulterated honey,ASS,SS3-3-1,SS3-2,Adulterated honey,0.25,1.75,0.2,18,0.25,162.5,1.55,1.75,3.25,15.25,0.15,0
Adulterated honey,ASS,SS3-3-2,SS3-2,Adulterated honey,0.3,1.7,0.25,18.5,0.15,167.8,1.6,1.8,3.2,16.5,0.15,0
Adulterated honey,ASS,SS3-3-3,SS3-2,Adulterated honey,0.3,1.7,0.25,19,0.2,169.65,1.85,1.8,3.2,15.15,0.15,0
Adulterated honey,ASS,SS3-4-1,SS3-3,Adulterated honey,0.2,1.5,0.15,2,0.15,139.3,9.3,1.55,2.9,11.9,0.15,0
Adulterated honey,ASS,SS3-4-2,SS3-3,Adulterated honey,0.25,1.45,0.15,2.5,0.15,142.1,9.3,1.5,2.55,16.1,0.15,0
Adulterated honey,ASS,SS3-4-3,SS3-3,Adulterated honey,0.1,1.5,0.2,2.5,0.15,145,9.55,1.55,2.5,15.6,0.15,0
Adulterated honey,ASS,SS3-5-1,SS3-4,Adulterated honey,0.2,1.3,0.15,18,0.3,123.8,8.2,1.35,3.45,12.85,0.1,0
Adulterated honey,ASS,SS3-5-2,SS3-4,Adulterated honey,0.15,1.3,0.15,18,0.25,128.9,8.2,1.35,2.95,14.1,0.1,0
Adulterated honey,ASS,SS3-5-3,SS3-4,Adulterated honey,0.15,1.3,0.15,19,0.25,124.25,8.4,1.4,3.5,15.95,0.1,0
Adulterated honey,AST,ST-1,AST,Adulterated standard,0.5,0.95,0.48,47.5,3.25,357.4,12.1,0.158,43.65,1.95,0.65,0.62
Adulterated honey,AST,ST-2,AST,Adulterated standard,0.55,1,0.51,49.5,3.45,369.7,12.2,0.145,45.25,3.4,0.49,0.69
Adulterated honey,AST,ST-3,AST,Adulterated standard,0.6,1,0.54,49.5,3.6,363.25,12.25,0.149,45.15,2.8,0.59,0.6
